{"cameraMode":{"drawMode":0,"name":"Shaded","section":"Shading Mode"},"sceneLighting":false,"audioPlay":false,"sceneViewState":{"showFog":true,"showMaterialUpdate":false,"showSkybox":false,"showFlares":true,"showImageEffects":true,"showParticleSystems":true},"in2DMode":false,"pivot":{"x":0.5715690851211548,"y":6.659569263458252,"z":1.590692400932312},"rotation":{"x":0.23153801262378694,"y":0.33485591411590578,"z":-0.08525744825601578,"w":0.9093948006629944},"size":1.7001795768737794,"orthographic":false}