{"cameraMode":{"drawMode":0,"name":"Shaded","section":"Shading Mode"},"sceneLighting":false,"audioPlay":false,"sceneViewState":{"showFog":true,"showMaterialUpdate":false,"showSkybox":false,"showFlares":true,"showImageEffects":true,"showParticleSystems":true},"in2DMode":false,"pivot":{"x":0.20999999344348908,"y":1.600000023841858,"z":-4.599999904632568},"rotation":{"x":0.2989695966243744,"y":0.08318189531564713,"z":-0.026169994845986368,"w":0.9502729177474976},"size":22.0,"orthographic":false}