{"cameraMode":{"drawMode":0,"name":"Shaded","section":"Shading Mode"},"sceneLighting":true,"audioPlay":false,"sceneViewState":{"showFog":true,"showMaterialUpdate":false,"showSkybox":true,"showFlares":true,"showImageEffects":true,"showParticleSystems":true},"in2DMode":false,"pivot":{"x":0.1518326997756958,"y":3.1103272438049318,"z":-1.6647745370864869},"rotation":{"x":0.09687134623527527,"y":-0.866016149520874,"z":0.1845848560333252,"w":0.4544920027256012},"size":1.7534990310668946,"orthographic":false}